##########################																						
# BLAST-Pol "bolo table" 2012																						
#																						
# Most recent updates in each category:																						
#   - to noise fit (WhiteNoise, 1/f, alpha):  SJB 18 Dec 2013																						
#   - to pixel offsets (EL, XEL):             JAS 20 Oct 2013																						
# Chi_250	0																					
# Chi_350	0																					
# Chi_500	0																					
Name	N	C	Type	EL	XEL	Angle	pix	LR1	LR2	CRJ	BW	Resp.	S	WhiteNoise	1/f	Res.	Chi	p_eff	q_ip	u_ip	alpha	Old																						
B2A01V	19	19	250	220.53129	354.39214	90	A01	8.72	8.72	0	0	1	0	3.1345108e-06	0.075083346	2.32	12	1	0.0136	0.0316	1.3857984	N5C19
B2A02H	19	14	B250	0	0	0	A02	8.64	8.64	0	0	1	0	5.19e-05	0.165059	2.13	12	1	0	0	27	N5C14
B2A03V	19	13	250	215.55817	243.80674	90	A03	8.6	8.64	0	0	1	0	2.973687e-06	0.055474391	2.04	12	1	0.0165	0.0192	1.6786194	N5C13
B2A04H	19	8	250	214.12593	187.60805	0	A04	8.72	8.64	0	0	1	0	3.0372059e-06	0.06280613	1.92	12	1	-0.0058	-0.0287	1.5686592	N5C8
B2A05V	19	3	250	210.72849	132.23016	90	A05	8.59	8.56	0	0	1	0	2.8624395e-06	0.061643936	1.81	12	1	0.0212	-0.0056	1.5637839	N5C3
B2A06H	23	23	250	206.20634	75.04024	0	A06	8.44	8.44	0	0	1	0	3.3402988e-06	0.063653776	1.97	12	1	0.0001	-0.0236	1.5374894	N7C23
B2A07V	23	18	250	205.02452	20.190728	90	A07	8.4	8.46	0	0	1	0	3.2771586e-06	0.061396859	1.81	12	1	0.0163	-0.0089	1.5887729	N7C18
B2A08H	23	11	250	200.7608	-36.47735	0	A08	8.35	8.4	0	0	1	0	3.7673445e-06	0.10146987	1.63	12	1	0.0108	-0.0102	1.0869153	N7C11
B2A09V	23	6	250	198.0168	-93.266943	90	A09	8.32	8.4	0	0	1	0	3.4588481e-06	0.073752726	1.69	12	1	0.0133	0.0052	1.4484276	N7C6
B2A10H	23	1	250	193.64745	-148.89985	0	A10	8.4	8.32	0	0	1	0	3.7590115e-06	0.062528387	1.87	12	1	0.0036	-0.0096	1.6072824	N7C1
B2A11V	22	21	250	192.22687	-204.93985	90	A11	8.4	8.36	0	0	1	0	3.4284311e-06	0.074346951	1.69	12	1	0.0243	0.0015	1.375172	N6C21
B2A12H	22	16	250	187.39767	-261.20357	0	A12	8.44	8.38	0	0	1	0	3.741955e-06	0.071867762	1.76	12	1	0.0076	-0.0159	1.5156122	N6C16
B2A13V	22	11	250	188.10704	-317.70731	90	A13	8.48	8.44	0	0	1	0	3.5392942e-06	0.10095851	1.85	12	1	0.0173	0.0007	1.2301784	N6C11
B2A14H	22	10	250	183.54319	-373.78164	0	A14	8.48	8.4	0	0	1	0	4.3000334e-06	0.076380553	1.94	12	1	0.0085	-0.0104	1.3644332	N6C10
B2A15V	22	5	B250	330.99648	-304.87596	90	A15	8.48	8.41	0	0	1	0	3.76e-06	0.110039	2.07	12	1	0	0	49	N6C5
B2B01V	19	21	B250	173.22844	386.79944	90	B01	8.72	8.72	0	0	1	0	4.33e-06	0.146719	2.39	12	1	0	0	41	N5C21
B2B02H	19	17	250	170.67828	326.33594	0	B02	8.68	8.64	0	0	1	0	3.5638936e-06	0.054260692	2.25	12	1	0.0153	-0.0317	1.7228181	N5C17
B2B03V	19	12	250	168.20079	271.93154	90	B03	8.66	8.68	0	0	1	0	3.3969744e-06	0.056793497	2.06	12	1	0.0153	0.0022	1.6631062	N5C12
B2B04H	19	10	B250	0	0	0	B04	8.78	8.72	0	0	1	0	0	0	17.88	12	1	0	0	1	N5C10
B2B05V	19	5	250	163.15094	159.81684	90	B05	8.64	8.68	0	0	1	0	3.4012273e-06	0.061935377	1.92	12	1	0.0215	0.0019	1.4825707	N5C5
B2B06H	19	1	250	159.48954	102.55363	0	B06	8.56	8.58	0	0	1	0	3.1297355e-06	0.061991301	1.8	12	1	-0.0005	-0.0126	1.5815569	N5C1
B2B07V	23	20	250	156.36936	47.242074	90	B07	8.44	8.48	0	0	1	0	3.238195e-06	0.060517598	1.9	12	1	0.0101	-0.0027	1.6147655	N7C20
B2B08H	23	15	250	152.13427	-9.4812513	0	B08	8.38	8.44	0	0	1	0	3.5624328e-06	0.079509829	1.79	12	1	-0.004	-0.0215	1.2757128	N7C15
B2B09V	23	9	250	150.52228	-64.784018	90	B09	8.36	8.44	0	0	1	0	3.6495756e-06	0.072391099	1.7	12	1	0.0081	0.0008	1.463182	N7C9
B2B10H	23	4	250	146.8885	-121.43906	0	B10	8.36	8.35	0	0	1	0	3.8679255e-06	0.10391632	1.81	12	1	0.0134	-0.0192	1.2000069	N7C4
B2B11V	22	23	250	146.1064	-177.00111	90	B11	8.4	8.39	0	0	1	0	3.936377e-06	0.093773439	1.71	12	1	0.0111	0.0068	1.2460345	N6C23
B2B12H	22	19	250	141.25628	-233.74728	0	B12	8.4	8.42	0	0	1	0	3.7434159e-06	0.081773239	1.76	12	1	0.0024	-0.0137	1.4113555	N6C19
B2B13V	22	14	B250	0	0	90	B13	8.4	8.38	0	0	1	0	4.21e-05	0.189512	1.83	12	1	0	0	65	N6C14
B2B14H	22	12	250	134.60319	-347.14821	0	B14	8.42	8.4	0	0	1	0	4.0802624e-06	0.076906493	1.9	12	1	0.0105	-0.0136	1.4194435	N6C12
B2B15V	22	7	250	132.64111	-402.08323	90	B15	8.48	8.4	0	0	1	0	4.2656963e-06	0.085383044	2.04	12	1	0.0143	-0.0009	1.3279397	N6C7
B2B16H	22	3	250	128.22902	-461.88912	0	B16	8.52	8.44	0	0	1	0	4.5640206e-06	0.097608229	2.13	12	1	0.0153	-0.0123	1.2333078	N6C3
B2C01V	19	20	250	120.65017	353.09461	90	C01	8.76	8.76	0	0	1	0	3.8710149e-06	0.060028911	2.42	12	1	-0.011	0.0005	1.6299418	N5C20
B2C02H	19	16	250	119.35201	296.37865	0	C02	8.68	8.64	0	0	1	0	3.3239372e-06	0.78724058	2.26	12	1	0.014	-0.0266	0.56864283	N5C16
B2C03V	19	11	250	117.78781	242.67332	90	C03	8.68	8.64	0	0	1	0	3.4302487e-06	0.066959006	2.08	12	1	0.0105	0.0026	1.494503	N5C11
B2C04H	19	7	250	113.35439	184.90098	0	C04	8.72	8.66	0	0	1	0	3.2985457e-06	0.061568633	1.98	12	1	0.0006	-0.0133	1.5354077	N5C7
B2C05V	19	2	250	112.01656	129.8964	90	C05	8.84	8.58	0	0	1	0	3.2081408e-06	0.087334796	1.88	12	1	0.0106	0.0029	1.2143982	N5C2
B2C06H	23	21	250	107.55755	73.264071	0	C06	8.41	8.47	0	0	1	0	3.2963575e-06	0.069937502	1.98	12	1	-0.0018	-0.0201	1.4827116	N7C21
B2C07V	23	16	250	106.83811	18.628804	90	C07	8.38	8.44	0	0	1	0	3.4109081e-06	0.057098479	1.86	12	1	0.0121	0.0015	1.5837428	N7C16
B2C08H	23	12	250	101.54818	-38.220043	0	C08	8.35	8.4	0	0	1	0	3.7397666e-06	0.066094584	1.76	12	1	0.0066	-0.0184	1.5776075	N7C12
B2C09V	23	8	250	99.264162	-93.152393	90	C09	8.36	8.39	0	0	1	0	4.9379164e-06	0.065215289	1.76	12	1	-0.0016	-0.0034	1.418424	N7C8
B2C10H	23	3	250	97.015666	-150.19841	0	C10	8.36	8.37	0	0	1	0	3.89057e-06	0.090172297	1.87	12	1	0.0008	-0.0228	1.2907932	N7C3
B2C11V	22	22	250	95.11045	-206.96446	90	C11	8.4	8.36	0	0	1	0	3.8783856e-06	0.076534609	1.76	12	1	0.0192	-0.0062	1.4376535	N6C22
B2C12H	22	17	B250	91.21474	-263.21114	0	C12	8.44	8.36	0	0	1	0	8.86e-06	3.380653	1.83	12	1	0	0	71	N6C17
B2C13V	22	13	250	88.551652	-319.59868	90	C13	8.44	8.4	0	0	1	0	4.0664873e-06	0.0795694	1.91	12	1	0.0193	0.0043	1.4054911	N6C13
B2C14H	22	8	250	82.742085	-376.65639	0	C14	8.49	8.43	0	0	1	0	4.1000218e-06	0.076465904	2.05	12	1	0.0056	-0.0138	1.445563	N6C8
B2C15V	22	4	250	82.309669	-433.03907	90	C15	8.48	8.4	0	0	1	0	4.4905576e-06	0.088906785	2.17	12	1	0.0204	0.0086	1.2726088	N6C4
B2D01V	19	23	250	71.011835	380.55527	90	D01	8.76	8.72	0	0	1	0	4.1174454e-06	0.06113302	2.49	12	1	-0.0186	-0.016	1.577212	N5C23
B2D02H	19	18	250	67.515348	324.02572	0	D02	8.71	8.72	0	0	1	0	3.7058487e-06	0.057948056	2.38	12	1	0.0166	-0.0142	1.6778735	N5C18
B2D03V	19	15	B250	69.12648	270.07661	90	D03	8.64	8.68	0	0	1	0	4.84e-06	2.769323	2.27	12	1	0	0	29	N5C15
B2D04H	19	9	250	65.087321	212.89699	0	D04	8.72	8.68	0	0	1	0	3.614261e-06	0.052297562	2.09	12	1	0.0153	-0.0174	1.7855935	N5C9
B2D05V	19	6	250	64.02343	157.69139	90	D05	8.65	8.64	0	0	1	0	3.5711265e-06	0.053049005	2.02	12	1	0.0117	-0.0115	1.744695	N5C6
B2D06H	19	0	250	58.984349	100.50086	0	D06	8.64	8.72	0	0	1	0	3.311608e-06	0.051847883	1.88	12	1	0.0126	-0.0134	1.8276957	N5C0
B2D07V	23	19	250	59.214838	45.834502	90	D07	8.44	8.46	0	0	1	0	3.3964687e-06	0.063534909	1.96	12	1	0.013	-0.0004	1.5575275	N7C19
B2D08H	23	14	250	54.484182	-10.313466	0	D08	8.4	8.44	0	0	1	0	3.4413136e-06	0.059858242	1.82	12	1	0.0021	-0.0115	1.6096293	N7C14
B2D09V	23	10	250	53.692427	-65.507044	90	D09	8.36	8.44	0	0	1	0	3.6633908e-06	0.057542482	1.76	12	1	0.0073	-0.0087	1.7356321	N7C10
B2D1	19	22	D250	0	0	90	DK1	8.72	8.72	0	0	1	0	0	0	2.37	12	1	0	0	1	N5C22
B2D10H	23	5	250	47.874408	-123.15485	0	D10	8.36	8.36	0	0	1	0	3.8139086e-06	0.090386381	1.88	12	1	0.0062	-0.0214	1.1926371	N7C5
B2D11V	23	0	250	47.244711	-178.07657	90	D11	8.32	8.32	0	0	1	0	3.8442578e-06	0.065036509	2	12	1	0.0088	-0.0159	1.529138	N7C0
B2D12H	22	18	250	42.731149	-234.99544	0	D12	8.4	8.38	0	0	1	0	4.127217e-06	0.13211801	1.86	12	1	0.0145	-0.0108	0.8809184	N6C18
B2D13V	22	15	250	41.625949	-291.23434	90	D13	8.42	8.4	0	0	1	0	4.102125e-06	0.076205274	1.94	12	1	0.0077	-0.0035	1.4254151	N6C15
B2D14H	22	9	250	35.274502	-348.6058	0	D14	8.48	8.4	0	0	1	0	4.155332e-06	0.08369774	nan	12	1	0.0175	-0.0065	1.3559727	N6C9
B2D15V	22	6	250	33.536746	-404.30946	90	D15	8.48	8.42	0	0	1	0	4.4129916e-06	0.078701007	2.11	12	1	0.0083	-0.0067	1.4068239	N6C6
B2D16H	22	1	250	27.286386	-463.61042	0	D16	8.44	8.4	0	0	1	0	4.5495429e-06	0.099525703	2.26	12	1	0.0141	-0.0159	1.1801757	N6C1
B2D2	17	21	D250	0	0	90	DK2	8.99	9.08	0	0	1	0	0	0	2.43	12	1	0	0	1	N8C21
B2E01V	18	0	250	21.724136	353.299	90	E01	8.84	8.92	0	0	1	0	3.8121513e-06	0.058140718	2.4	12	1	-0.0107	-0.0149	1.749788	N9C0
B2E02H	18	12	250	19.522205	296.34209	0	E02	8.88	8.92	0	0	1	0	3.6752937e-06	0.053003307	2.03	12	1	0.0204	-0.0077	1.8771957	N9C12
B2E03V	18	17	250	17.407681	241.80017	90	E03	8.88	8.88	0	0	1	0	3.7165633e-06	0.059370678	1.94	12	1	-0.0087	-0.0196	1.627913	N9C17
B2E04H	18	21	250	14.493251	184.44652	0	E04	8.75	8.75	0	0	1	0	3.8698571e-06	0.054610306	1.9	12	1	0.0092	-0.0035	1.751288	N9C21
B2E05V	19	4	250	13.13993	128.85789	90	E05	8.66	8.64	0	0	1	0	5.7636755e-06	0.061611571	1.99	12	1	0.0071	0.002	1.4029747	N5C4
B2E06H	23	22	250	10.018926	72.321099	0	E06	8.44	8.44	0	0	1	0	3.6141358e-06	0.059647106	2.09	12	1	0.0086	-0.0135	1.6290182	N7C22
B2E07V	23	17	250	8.2233582	16.901424	90	E07	8.4	8.47	0	0	1	0	3.7176432e-06	0.066294086	1.94	12	1	0.0117	-0.0075	1.535613	N7C17
B2E08H	23	13	250	4.8553367	-39.67756	0	E08	8.36	8.4	0	0	1	0	3.7940697e-06	0.063428762	1.85	12	1	0.0011	-0.0124	1.5292246	N7C13
B2E09V	23	7	250	1.1465997	-96.437433	90	E09	8.32	8.36	0	0	1	0	3.88214e-06	0.072733487	1.86	12	1	0.0127	-0.0141	1.4500446	N7C7
B2E10H	23	2	250	-1.8849697	-151.68594	0	E10	8.4	8.36	0	0	1	0	4.0695029e-06	0.061896964	1.98	12	1	0.0036	-0.0221	1.5779542	N7C2
B2E11V	22	20	250	-3.5642241	-207.10318	90	E11	8.4	8.38	0	0	1	0	3.7793575e-06	0.069517369	1.87	12	1	0.0027	-0.0093	1.4871654	N6C20
B2E12H	17	2	250	-7.4494385	-264.59331	0	E12	8.92	9	0	0	1	0	4.2767461e-06	0.060107697	1.99	12	1	0.0086	-0.0142	1.6132168	N8C2
B2E13V	17	6	250	-8.7476119	-320.5984	90	E13	8.92	9.03	0	0	1	0	4.3191164e-06	0.087284662	2.06	12	1	0.0122	-0.0006	1.2598854	N8C6
B2E14H	17	11	250	-14.185623	-377.824	0	E14	9	9.04	0	0	1	0	4.6505691e-06	0.074175503	2.15	12	1	0.004	-0.0123	1.3374036	N8C11
B2E15V	17	23	250	-15.320587	-434.54768	90	E15	9	9.08	0	0	1	0	4.588497e-06	0.063385137	2.6	12	1	0.0197	0.0006	1.6609747	N8C23
B2F01V	18	1	250	-26.893424	381.15748	90	F01	8.84	8.92	0	0	1	0	3.6741434e-06	0.07631832	2.34	12	1	-0.0099	-0.0287	1.4581555	N9C1
B2F02H	18	7	B250	-45.515166	-63.659614	0	F02	8.88	inf	0	0	1	0	0	0	2.16	12	1	0	0	1	N9C7
B2F03V	18	13	250	-30.937163	269.90761	90	F03	8.96	8.96	0	0	1	0	2.1577025e-07	10939.304	1.98	12	1	-0.0018	-0.0067	0.39050007	N9C13
B2F04H	18	18	250	-33.805587	212.055	0	F04	8.88	8.88	0	0	1	0	3.5363145e-06	0.059847766	1.89	12	1	0.0038	-0.0077	1.5948012	N9C18
B2F05V	18	23	250	-34.406726	157.28254	90	F05	8.71	8.75	0	0	1	0	3.4000112e-06	0.061256284	1.79	12	1	0.0054	-0.0092	1.6697304	N9C23
B2F06H	21	3	250	-38.663037	99.99164	0	F06	8.72	8.8	0	0	1	0	3.5981083e-06	0.050177939	1.95	12	1	-0.0008	-0.0137	1.8367059	N10C3
B2F07V	21	6	250	-39.72927	44.699145	90	F07	8.74	8.82	0	0	1	0	3.6920327e-06	0.074150055	1.89	12	1	0.0123	-0.0152	1.3453513	N10C6
B2F08H	21	10	250	-43.952967	-11.50007	0	F08	8.8	8.85	0	0	1	0	3.7424843e-06	0.090945186	1.77	12	1	-0.0019	-0.014	1.1642241	N10C10
B2F09V	21	13	250	-44.61042	-67.8491	90	F09	8.91	8.92	0	0	1	0	4.078669e-06	0.04470209	1.84	12	1	0.0131	-0.014	1.954878	N10C13
B2F10H	21	17	250	-47.76836	-123.3239	0	F10	8.88	8.94	0	0	1	0	3.9502975e-06	0.063444922	1.94	12	1	-0.0033	-0.0142	1.5591909	N10C17
B2F11V	21	20	250	-50.66308	-180.39753	90	F11	8.88	8.92	0	0	1	0	4.5399846e-06	0.070614445	2.03	12	1	0.0149	-0.0152	1.3372562	N10C20
B2F12H	17	0	250	-56.863477	-238.24494	0	F12	8.9	8.92	0	0	1	0	3.930849e-06	0.07307561	1.89	12	1	0.007	-0.0106	1.3987492	N8C0
B2F13V	17	5	250	-56.913314	-294.62014	90	F13	8.99	9.03	0	0	1	0	4.2208902e-06	0.059240077	2	12	1	0.0164	-0.0081	1.6085739	N8C5
B2F14H	17	10	250	-62.358232	-352.92656	0	F14	9	9.04	0	0	1	0	4.4124535e-06	0.25176507	2.11	12	1	0.0088	-0.0151	0.64983833	N8C10
B2F15V	17	16	250	-63.604025	-408.3088	90	F15	9.02	9.05	0	0	1	0	4.3975524e-06	0.084858854	2.4	12	1	0.0126	0.0038	1.314782	N8C16
B2F16H	17	22	250	-69.519446	-466.73987	0	F16	9	9.08	0	0	1	0	4.6813508e-06	0.078239581	2.55	12	1	0.0064	-0.0035	1.3751843	N8C22
B2G01V	18	4	250	-76.256538	353.56111	90	G01	8.8	8.92	0	0	1	0	3.6833099e-06	0.06376884	2.21	12	1	-0.0033	-0.0284	1.5516769	N9C4
B2G02H	18	9	B250	-89.65	336.92	0	G02	8.84	8.88	0	0	1	0	4.49e-06	0.110039	2.04	12	1	0	0	193	N9C9
B2G03V	18	14	250	-80.30021	241.04103	90	G03	8.88	8.88	0	0	1	0	3.578275e-06	0.085033419	1.96	12	1	-0.0027	-0.0178	1.2359609	N9C14
B2G04H	18	19	250	-83.249194	183.61008	0	G04	8.8	8.8	0	0	1	0	3.6733397e-06	0.071860963	1.83	12	1	0.0045	-0.0049	1.3483643	N9C19
B2G05V	21	0	250	-86.714346	126.70168	90	G05	8.72	8.74	0	0	1	0	3.3435906e-06	0.066487865	2.03	12	1	0.0038	-0.0081	1.4973855	N10C0
B2G06H	21	4	250	-88.430886	70.201726	0	G06	8.72	8.79	0	0	1	0	3.5665605e-06	0.059056664	1.89	12	1	0.0071	-0.0107	1.6748785	N10C4
B2G07V	21	8	250	-90.093416	14.517778	90	G07	8.76	8.8	0	0	1	0	3.4600928e-06	0.051497481	1.82	12	1	0.0086	-0.0187	1.785744	N10C8
B2G08H	21	11	250	-93.847351	-40.789568	0	G08	8.8	8.88	0	0	1	0	4.5928836e-06	0.070663811	1.73	12	1	0.0163	-0.016	1.3251257	N10C11
B2G09V	21	15	250	-96.805188	-98.928793	90	G09	8.84	8.92	0	0	1	0	3.6339089e-06	0.059279966	1.86	12	1	0.0144	-0.0164	1.6201037	N10C15
B2G10H	21	19	250	-100.86443	-155.7493	0	G10	8.89	8.94	0	0	1	0	3.9184751e-06	0.063737504	1.98	12	1	-0.0004	-0.0078	1.529163	N10C19
B2G11V	21	23	250	-101.94552	-212.72268	90	G11	8.8	8.88	0	0	1	0	3.7448627e-06	0.079749683	nan	12	1	0.0084	-0.0217	1.2916555	N10C23
B2G12H	17	4	250	-107.14779	-268.97527	0	G12	8.92	9	0	0	1	0	4.1899184e-06	0.086559997	1.95	12	1	0.0036	-0.0078	1.2193817	N8C4
B2G13V	17	9	250	-108.33924	-324.94053	90	G13	8.96	9.04	0	0	1	0	4.1235369e-06	0.08761501	2.05	12	1	0.0131	-0.0052	1.220003	N8C9
B2G14H	17	14	250	-112.27492	-381.94115	0	G14	9	9.08	0	0	1	0	4.4709604e-06	0.091379452	2.23	12	1	0.0102	-0.0102	1.2471356	N8C14
B2G15V	17	19	250	-112.41858	-437.45372	90	G15	9	9.08	0	0	1	0	4.6207923e-06	0.08527215	2.45	12	1	0.0124	0.0019	1.2642498	N8C19
B2H01V	18	3	250	-126.12788	380.70953	90	H01	8.84	8.96	0	0	1	0	3.8269898e-06	0.077444135	2.2	12	1	-0.0074	-0.0428	1.4043445	N9C3
B2H02H	18	6	250	-128.87112	322.35412	0	H02	8.84	9	0	0	1	0	3.8632575e-06	0.053043996	2.1	12	1	0.0174	0.0307	1.7851746	N9C6
B2H03V	18	10	250	-129.30312	267.70185	90	H03	8.92	9.03	0	0	1	0	3.5230078e-06	0.054239358	1.97	12	1	0.0041	-0.0209	1.7569751	N9C10
B2H04H	18	15	250	-133.95209	210.14339	0	H04	8.84	8.88	0	0	1	0	3.5056112e-06	0.097829894	1.88	12	1	0.0126	0.002	1.0850904	N9C15
B2H05V	18	20	250	-134.36549	153.93049	90	H05	8.8	8.76	0	0	1	0	3.398005e-06	0.061050084	1.77	12	1	0.0043	-0.0131	1.5848096	N9C20
B2H06H	21	1	250	-138.98815	97.90139	0	H06	8.7	8.77	0	0	1	0	3.6708562e-06	0.076060825	nan	12	1	0.0086	-0.0124	1.3324793	N10C1
B2H07V	21	5	250	-139.16162	41.058299	90	H07	8.68	8.76	0	0	1	0	3.4207764e-06	0.060687468	1.82	12	1	-0.0034	-0.0186	1.648007	N10C5
B2H08H	21	9	250	-144.08085	-15.684526	0	H08	8.8	8.88	0	0	1	0	3.6713533e-06	0.066225244	1.71	12	1	0.006	-0.0132	1.5036316	N10C9
B2H09V	21	14	250	-144.94549	-71.81301	90	H09	8.9	8.96	0	0	1	0	3.515177e-06	0.070631196	1.79	12	1	0.0134	-0.0225	1.4698688	N10C14
B2H10H	21	18	250	-149.93413	-128.39173	0	H10	8.84	8.92	0	0	1	0	3.8697381e-06	0.063084207	1.91	12	1	0.006	-0.0113	1.5712219	N10C18
B2H11V	21	22	250	-150.52807	-184.53784	90	H11	8.87	8.92	0	0	1	0	3.8224316e-06	0.058921837	2.02	12	1	0.0063	-0.017	1.5781555	N10C22
B2H12H	17	3	B250	-153.94197	-240.24626	0	H12	8.92	9	0	0	1	0	1.57e-05	3.790244	1.88	12	1	0	0	139	N8C3
B2H13V	17	8	250	-156.99029	-297.59371	90	H13	8.96	9.02	0	0	1	0	4.1316513e-06	0.060376477	1.98	12	1	0.0119	-0.008	1.5718044	N8C8
B2H14H	17	13	250	-160.14625	-354.23884	0	H14	9.01	9.08	0	0	1	0	4.6455919e-06	0.08364525	2.11	12	1	0.0015	-0.0084	1.3142319	N8C13
B2H15V	17	17	250	-160.74474	-410.85692	90	H15	9	9.04	0	0	1	0	4.5575966e-06	0.073413209	2.32	12	1	0.0136	0.0011	1.4841481	N8C17
B2H16H	17	20	250	-163.48521	-467.5791	0	H16	9	9.08	0	0	1	0	5.2580194e-06	0.061003563	2.42	12	1	0.0128	-0.0108	1.6787561	N8C20
B2J01V	18	5	250	-176.11322	350.82787	90	J01	8.88	9	0	0	1	0	3.6350537e-06	0.090357221	2.09	12	1	-0.0067	-0.0476	1.2587202	N9C5
B2J02H	18	8	250	-177.31813	295.45472	0	J02	8.88	9.08	0	0	1	0	4.0379038e-06	0.056671884	2.03	12	1	0.0122	0.0146	1.7111314	N9C8
B2J03V	18	11	250	-179.98831	238.94722	90	J03	8.84	8.96	0	0	1	0	3.465473e-06	0.060228323	1.91	12	1	0.0126	-0.031	1.602151	N9C11
B2J04H	18	16	250	-183.77712	182.10878	0	J04	8.88	8.92	0	0	1	0	3.7257859e-06	0.069755071	1.82	12	1	0.013	0.0023	1.3661365	N9C16
B2J05V	18	22	250	-187.0141	125.03751	90	J05	8.7	8.79	0	0	1	0	3.1731668e-06	0.07334752	1.79	12	1	-0.0009	-0.0152	1.3916618	N9C22
B2J06H	21	2	250	-190.35746	67.84277	0	J06	8.74	8.8	0	0	1	0	3.5630271e-06	0.061010311	1.92	12	1	0.0064	-0.0119	1.629923	N10C2
B2J07V	21	7	250	-191.83295	10.738667	90	J07	8.76	8.82	0	0	1	0	3.4952466e-06	0.058777231	1.78	12	1	0.0005	-0.0257	1.5962131	N10C7
B2J08H	21	12	250	-194.28955	-45.025196	0	J08	8.88	8.88	0	0	1	0	3.8692012e-06	0.063909063	1.73	12	1	-0.0002	-0.0068	1.5348975	N10C12
B2J09V	21	16	250	-196.79975	-102.40641	90	J09	8.88	8.92	0	0	1	0	3.5703779e-06	0.054388935	1.81	12	1	0.0058	-0.0161	1.7864029	N10C16
B2J10H	21	21	250	-199.56932	-157.65746	0	J10	8.88	8.92	0	0	1	0	3.9612861e-06	0.060065196	1.96	12	1	0.0066	-0.0073	1.6734802	N10C21
B2J11V	17	1	250	-203.05931	-214.56831	90	J11	8.88	8.88	0	0	1	0	3.8448914e-06	0.098881719	1.81	12	1	0.0145	-0.0083	1.0699306	N8C1
B2J12H	17	7	250	-204.62054	-270.3364	0	J12	8.92	9	0	0	1	0	4.3580801e-06	0.068011908	1.94	12	1	0.0056	-0.0129	1.5282885	N8C7
B2J13V	17	12	250	-207.01382	-327.63459	90	J13	8.96	8.92	0	0	1	0	4.1307224e-06	0.064416071	2.05	12	1	0.0142	-0.0108	1.4628583	N8C12
B2J14H	17	15	250	-209.14504	-382.45358	0	J14	9.03	9.04	0	0	1	0	4.8479557e-06	0.068331535	2.21	12	1	0.0056	-0.0167	1.5489254	N8C15
B2J15V	17	18	250	-213.06158	-440.76087	90	J15	9.02	9.04	0	0	1	0	4.9179497e-06	0.075127572	2.33	12	1	0.0121	0.0028	1.3998573	N8C18
B2R1	22	0	R250	0	0	90	R01	8.44	8.44	0	0	1	0	0	0	nan	12	1	0	0	1	N6C0
B2T1	22	2	T250	0	0	90	T01	8.46	8.4	0	0	1	0	0	0	2.12	12	1	0	0	1	N6C2
B2T2	18	2	T250	0	0	90	T02	8.84	8.96	0	0	1	0	0	0	2.22	12	1	0	0	1	N9C2
B3A01V	27	21	B350	176.67	456.92	90	A01	7.76	7.8	0	0	1	0	6.473242e-06	17.427115	2.07	8	1	0	0	0.61999386	N11C21
B3A02H	27	18	350	186.97572	369.66504	0	A02	7.72	7.76	0	0	1	0	3.2127634e-06	0.10263532	nan	8	1	0.0063	-0.0552	1.0587788	N11C18
B3A03V	27	17	350	193.73368	294.02526	90	A03	7.72	7.76	0	0	1	0	3.2031123e-06	0.05857718	1.91	8	1	0.0091	0.0263	1.5694262	N11C17
B3A04H	27	11	350	192.54288	220.02135	0	A04	7.68	7.76	0	0	1	0	2.9279543e-06	0.086844664	1.83	8	1	-0.009	-0.0287	1.3531439	N11C11
B3A05V	27	4	350	190.32945	139.16913	90	A05	7.56	7.63	0	0	1	0	3.0886841e-06	0.059397791	1.68	8	1	0.0098	0.0045	1.5932615	N11C4
B3A06H	27	1	350	193.81077	64.642745	0	A06	7.56	7.68	0	0	1	0	3.0719251e-06	0.1073908	1.61	8	1	-0.002	-0.0125	1.076531	N11C1
B3A07V	27	0	350	197.37624	-12.492715	90	A07	7.64	7.64	0	0	1	0	3.1684196e-06	0.071921325	nan	8	1	0.0074	-0.0051	1.3382546	N11C0
B3A08H	30	20	350	196.96839	-86.866077	0	A08	7.16	7.28	0	0	1	0	3.0733846e-06	0.097694717	1.58	8	1	0.0059	-0.0088	1.2267253	N13C20
B3A09V	30	18	350	201.25295	-166.82098	90	A09	7.14	7.24	0	0	1	0	3.3765317e-06	0.10564939	1.55	8	1	0.0044	-0.0092	1.1526238	N13C18
B3A10H	30	13	350	202.08636	-243.6437	0	A10	7.08	7.2	0	0	1	0	3.0317103e-06	0.077894348	1.66	8	1	0.0027	-0.0058	1.4787028	N13C13
B3A11V	30	8	350	205.68979	-323.31596	90	A11	7.11	7.16	0	0	1	0	3.8678568e-06	0.16188837	1.82	8	1	0.0018	-0.0073	0.89821663	N13C8
B3A12H	30	4	350	205.63654	-399.30123	0	A12	7.12	7.12	0	0	1	0	3.5473982e-06	0.10101488	1.79	8	1	0.0061	0.0028	1.3071612	N13C4
B3A13V	30	0	350	206.59258	-474.65752	90	A13	7.08	7.18	0	0	1	0	4.9035076e-06	0.078296304	1.9	8	1	0.0211	0.0051	1.4004428	N13C0
B3B01H	27	20	350	123.58922	409.20342	0	B01	7.75	7.8	0	0	1	0	3.8177413e-06	0.080506164	2.09	8	1	0.0276	-0.0284	1.3604412	N11C20
B3B02V	27	15	350	126.29768	335.46915	90	B02	7.7	7.76	0	0	1	0	3.8885973e-06	0.069339905	1.94	8	1	0.0078	0.0253	1.3504843	N11C15
B3B03H	27	13	350	126.88478	261.03679	0	B03	7.68	7.76	0	0	1	0	3.498504e-06	0.068518831	1.86	8	1	-0.0001	-0.0241	1.4529279	N11C13
B3B04V	27	8	350	126.51724	180.87359	90	B04	7.64	7.68	0	0	1	0	3.5403592e-06	0.06320748	1.82	8	1	0.0097	0.0046	1.4988968	N11C8
B3B05H	27	5	B350	129.66935	109.01208	0	B05	7.55	7.64	0	0	1	0	2.17e-06	0.097813	1.89	8	1	0	0	273	N11C5
B3B06V	27	2	350	132.42424	29.282179	90	B06	7.6	7.6	0	0	1	0	3.5697666e-06	0.049534793	1.68	8	1	0.0046	-0.0024	1.7989242	N11C2
B3B07H	30	23	B350	0	0	0	B07	7.19	7.28	0	0	1	0	0	0	14.8	8	1	0	0	1	N13C23
B3B08V	30	19	350	135.89175	-123.6268	90	B08	7.14	7.24	0	0	1	0	3.7657506e-06	0.08009079	1.59	8	1	0.0047	-0.0052	1.3554809	N13C19
B3B09H	30	15	350	136.98155	-199.70865	0	B09	7.12	7.24	0	0	1	0	3.4394172e-06	0.10880724	1.68	8	1	0.0038	-0.009	1.1779057	N13C15
B3B10V	30	12	350	135.23463	-281.65631	90	B10	7.08	7.2	0	0	1	0	8.7699457e-06	0.11512749	1.73	8	1	0.0069	0.001	1.0052247	N13C12
B3B11H	30	7	350	141.69323	-356.37853	0	B11	7.11	7.24	0	0	1	0	3.5891782e-06	0.066075351	1.76	8	1	0.0046	0.0002	1.6447791	N13C7
B3B12V	30	2	350	143.60255	-436.01885	90	B12	7.08	6.92	0	0	1	0	4.5105887e-06	0.085390292	1.88	8	1	0.0058	-0.0131	1.3467511	N13C2
B3C01V	27	23	B350	0	0	90	C01	7.79	7.6	0	0	1	0	0	0	15.6	8	1	0	0	1	N11C23
B3C02H	27	19	350	46.110735	368.39341	0	C02	7.76	7.8	0	0	1	0	3.4676489e-06	0.063981552	2.07	8	1	0.0204	-0.0093	1.6141007	N11C19
B3C03V	27	14	350	52.928933	294.09618	90	C03	7.68	7.72	0	0	1	0	3.986525e-06	0.082057971	1.98	8	1	0.003	0.0032	1.2556778	N11C14
B3C04H	27	12	350	50.147696	219.38414	0	C04	7.64	7.8	0	0	1	0	3.2594176e-06	0.058997712	1.91	8	1	0.0029	-0.0125	1.6176734	N11C12
B3C05V	27	9	350	57.377137	142.97482	90	C05	7.68	7.68	0	0	1	0	3.5429806e-06	0.067246403	1.85	8	1	0.0056	-0.0033	1.4383832	N11C9
B3C06H	27	6	350	55.73726	68.705012	0	C06	7.6	7.64	0	0	1	0	3.2733479e-06	0.063661191	1.83	8	1	-0.0009	-0.0155	1.535542	N11C6
B3C07V	27	3	350	61.604643	-8.7968224	90	C07	7.64	7.64	0	0	1	0	3.7065584e-06	0.055579563	1.73	8	1	-0.0044	-0.007	1.5917604	N11C3
B3C08H	30	22	350	62.767188	-85.952652	0	C08	7.16	7.28	0	0	1	0	3.846145e-06	0.21168074	1.72	8	1	0.0099	-0.0142	0.75916207	N13C22
B3C09V	30	17	350	66.568577	-163.38249	90	C09	7.12	7.2	0	0	1	0	4.1193145e-06	0.080991695	1.64	8	1	0.0089	-0.0029	1.2624286	N13C17
B3C10H	30	16	350	65.715221	-239.82506	0	C10	7.12	7.2	0	0	1	0	3.4062594e-06	0.096732558	1.64	8	1	0.0043	-0.009	1.236655	N13C16
B3C11V	30	11	B350	45.47	-313.01	90	C11	7.08	7.16	0	0	1	0	4.08e-06	0.183399	1.72	8	1	0	0	365	N13C11
B3C12H	30	6	350	68.081558	-396.90507	0	C12	7.08	7.16	0	0	1	0	3.5609385e-06	0.091118559	1.82	8	1	0.0047	0.0008	1.3766416	N13C6
B3C13V	30	3	350	65.952434	-475.47719	90	C13	7.1	7.16	0	0	1	0	3.2486085e-06	1.9515159	2	8	1	0.0096	-0.0115	0.38291763	N13C3
B3D01H	26	4	350	-14.612889	413.06498	0	D01	7.44	7.36	0	0	1	0	3.7902907e-06	0.05385147	1.74	8	1	0.0235	0.0002	1.7709578	N14C4
B3D02V	27	16	350	-12.142902	336.81182	90	D02	7.68	7.8	0	0	1	0	3.6809529e-06	0.06745272	2.01	8	1	-0.0042	-0.0083	1.4433925	N11C16
B3D03H	26	11	B350	0	0	0	D03	7.4	7.36	0	0	1	0	0	0	15.08	8	1	0	0	1	N14C11
B3D04V	27	10	350	-8.5228006	185.51089	90	D04	7.68	7.76	0	0	1	0	3.7041056e-06	0.060261162	1.93	8	1	0.006	0.005	1.5738831	N11C10
B3D05H	26	17	350	-7.6753127	111.17198	0	D05	7.34	7.24	0	0	1	0	3.5766552e-06	0.10330196	1.49	8	1	-0.0022	-0.0145	1.0509494	N14C17
B3D06V	27	7	350	-4.7847939	33.453406	90	D06	7.6	7.72	0	0	1	0	3.6419682e-06	0.061238477	1.91	8	1	0.0036	-0.007	1.5545757	N11C7
B3D07H	25	1	350	-4.3616672	-43.613896	0	D07	6.94	6.87	0	0	1	0	3.5384121e-06	0.084969942	1.57	8	1	-0.0051	-0.0086	1.228063	N12C1
B3D08V	30	21	350	-0.23577814	-123.88319	90	D08	7.2	7.28	0	0	1	0	3.7969566e-06	0.080264898	1.65	8	1	0.0014	-0.0125	1.3343795	N13C21
B3D09H	25	8	350	1.1365325	-198.28119	0	D09	6.88	6.84	0	0	1	0	3.8124316e-06	0.068545669	1.6	8	1	0.0006	-0.0086	1.5045316	N12C8
B3D1	27	22	D350	0	0	90	DK1	7.8	7.8	0	0	1	0	0	0	2.19	8	1	0	0	1	N11C22
B3D10V	30	14	B350	0	0	90	D10	7.12	7.2	0	0	1	0	0	0	14.63	8	1	0	0	1	N13C14
B3D11H	30	10	350	4.0498465	-355.0116	0	D11	7.08	7	0	0	1	0	3.6549251e-06	0.078942341	1.78	8	1	0.0042	-0.0068	1.4639761	N13C10
B3D12V	30	5	350	4.0452989	-436.00537	90	D12	7.16	7.2	0	0	1	0	4.3467289e-06	0.081783052	1.87	8	1	0.0058	-0.009	1.3781516	N13C5
B3D2	25	21	D350	0	0	90	DK2	6.84	6.81	0	0	1	0	0	0	1.86	8	1	0	0	1	N12C21
B3E01V	26	3	350	-83.89459	448.96443	90	E01	7.44	7.44	0	0	1	0	4.5975192e-06	0.059001037	1.71	8	1	-0.0042	-0.0268	1.532665	N14C3
B3E02H	26	6	350	-86.668765	374.13877	0	E02	7.44	7.44	0	0	1	0	3.4777455e-06	0.05567	1.66	8	1	0.005	0.0098	1.7554888	N14C6
B3E03V	26	10	350	-83.001401	297.40583	90	E03	7.44	7.36	0	0	1	0	3.3304813e-06	0.06748602	1.56	8	1	-0.0024	-0.0077	1.4230426	N14C10
B3E04H	26	14	350	-84.629031	221.7495	0	E04	7.32	7.32	0	0	1	0	3.0427829e-06	0.064116259	1.5	8	1	0.0018	-0.0124	1.6052232	N14C14
B3E05V	26	16	350	-77.581279	147.61592	90	E05	7.36	7.28	0	0	1	0	3.3190345e-06	0.05402655	1.47	8	1	0.0096	0.0067	1.6109258	N14C16
B3E06H	26	20	350	-80.531135	71.644772	0	E06	7.24	7.24	0	0	1	0	3.1156301e-06	0.073701825	1.45	8	1	0.0003	-0.0081	1.3937129	N14C20
B3E07V	25	0	350	-72.686293	-4.8228454	90	E07	6.9	6.86	0	0	1	0	3.3182463e-06	0.053502942	1.51	8	1	0.0026	0.0013	1.7220139	N12C0
B3E08H	25	3	350	-73.379583	-79.174043	0	E08	6.88	6.88	0	0	1	0	3.0959408e-06	0.060225048	1.51	8	1	-0.0032	-0.0114	1.6114642	N12C3
B3E09V	25	6	350	-69.519337	-161.37008	90	E09	6.7	6.92	0	0	1	0	3.2921807e-06	0.25867486	1.53	8	1	0.0048	-0.0072	0.50115131	N12C6
B3E10H	25	10	350	-72.217203	-238.83675	0	E10	6.87	6.84	0	0	1	0	3.336635e-06	0.085334711	1.61	8	1	-0.0008	-0.0138	1.292449	N12C10
B3E11V	25	14	B350	-68.624985	-317.85065	90	E11	6.72	6.84	0	0	1	0	4.49e-06	0.140606	1.69	8	1	0	0	331	N12C14
B3E12H	25	17	350	-70.444022	-395.67792	0	E12	6.87	6.81	0	0	1	0	3.8199131e-06	0.060830774	1.71	8	1	0.0013	-0.0066	1.7964943	N12C17
B3E13V	30	9	350	-66.128247	-473.31538	90	E13	7.08	7.16	0	0	1	0	4.9598552e-06	0.095063363	1.83	8	1	0.0118	-0.0099	1.2803944	N13C9
B3F01H	26	5	350	-151.10423	410.9207	0	F01	7.48	7.43	0	0	1	0	4.1506291e-06	0.062348435	1.63	8	1	0.0017	0.0291	1.5532001	N14C5
B3F02V	26	8	350	-147.27237	337.95675	90	F02	7.4	7.33	0	0	1	0	3.6736113e-06	0.046975937	1.57	8	1	-0.0015	-0.0165	1.8978556	N14C8
B3F03H	26	12	350	-148.8655	263.69902	0	F03	7.36	7.32	0	0	1	0	3.6377983e-06	0.059727906	1.49	8	1	0.0016	0	1.5437276	N14C12
B3F04V	26	15	350	-143.29602	187.81992	90	F04	7.36	7.32	0	0	1	0	3.3406361e-06	0.093731476	1.51	8	1	0.0026	-0.011	1.1079973	N14C15
B3F05H	26	18	350	-143.49446	114.45429	0	F05	7.28	7.2	0	0	1	0	3.571802e-06	0.047206943	1.43	8	1	0.0039	-0.0053	1.9926416	N14C18
B3F06V	26	22	350	-141.59071	35.751835	90	F06	7.24	7.24	0	0	1	0	3.2620243e-06	0.078065257	1.42	8	1	0.0054	-0.013	1.2215771	N14C22
B3F07H	25	2	350	-141.2719	-40.790919	0	F07	6.88	6.88	0	0	1	0	3.4032066e-06	0.055241402	1.49	8	1	0.0033	0.0014	1.6962782	N12C2
B3F08V	25	5	350	-140.61777	-121.39691	90	F08	6.88	6.91	0	0	1	0	3.2209307e-06	0.081755444	1.53	8	1	-0.0001	-0.0163	1.1507097	N12C5
B3F09H	25	9	350	-140.07734	-198.78896	0	F09	6.88	6.84	0	0	1	0	3.5127431e-06	0.072619199	1.51	8	1	0.0023	0.0001	1.4204284	N12C9
B3F10V	25	13	350	-138.35383	-280.11478	90	F10	6.83	6.88	0	0	1	0	4.0575997e-06	0.06047472	1.6	8	1	0.0049	-0.0079	1.6093869	N12C13
B3F11H	25	16	350	-138.29357	-356.13627	0	F11	6.92	6.84	0	0	1	0	4.1905487e-06	0.061784725	1.67	8	1	0.0082	-0.0109	1.7253387	N12C16
B3F12V	25	19	350	-137.21586	-437.04221	90	F12	6.88	6.84	0	0	1	0	4.8398325e-06	0.064809327	1.76	8	1	0.004	-0.0086	1.578816	N12C19
B3G01V	26	1	B350	0	0	90	G01	7.4	7.37	0	0	1	0	0	0	15.16	8	1	0	0	1	N14C1
B3G02H	26	7	B350	0	0	0	G02	7.4	7.36	0	0	1	0	0	0	15.12	8	1	0	0	1	N14C7
B3G03V	26	9	350	-214.37511	299.16438	90	G03	7.44	7.4	0	0	1	0	4.0763586e-06	0.42267691	1.52	8	1	0.0023	-0.0166	0.60791378	N14C9
B3G04H	26	13	B350	-199.72683	245.48505	0	G04	7.34	7.28	0	0	1	0	3.62e-06	0.984241	1.45	8	1	0	0	401	N14C13
B3G05V	26	19	350	-215.11832	148.83027	90	G05	7.26	7.2	0	0	1	0	3.4836545e-06	0.058274123	1.35	8	1	-0.0014	-0.0081	1.5931087	N14C19
B3G06H	26	21	350	-219.62467	73.370694	0	G06	7.23	7.22	0	0	1	0	3.5579409e-06	0.075766136	1.37	8	1	0.0031	-0.0012	1.3999156	N14C21
B3G07V	26	23	350	-214.8933	-4.6589899	90	G07	7.24	7.38	0	0	1	0	3.222666e-06	0.076545416	1.39	8	1	0.0027	-0.0056	1.2830766	N14C23
B3G08H	25	4	350	-219.57405	-82.653439	0	G08	6.88	6.88	0	0	1	0	3.1362618e-06	0.093351993	1.47	8	1	0.0009	-0.0022	1.2040683	N12C4
B3G09V	25	7	350	-214.16095	-161.39502	90	G09	6.91	6.84	0	0	1	0	3.3466039e-06	0.070642986	1.48	8	1	0.0014	-0.0031	1.3490015	N12C7
B3G10H	25	11	350	-219.5652	-241.10732	0	G10	6.92	6.82	0	0	1	0	3.5361309e-06	0.0750587	1.5	8	1	0.001	-0.0094	1.3777138	N12C11
B3G11V	25	15	350	-212.37951	-321.10117	90	G11	6.88	6.81	0	0	1	0	4.3923901e-06	0.051270901	1.58	8	1	0.0039	-0.0053	1.8717562	N12C15
B3G12H	25	18	350	-218.56899	-397.66418	0	G12	6.84	6.83	0	0	1	0	4.3322494e-06	0.079070411	1.68	8	1	0.008	-0.0039	1.4402943	N12C18
B3G13V	25	20	350	-206.12291	-470.48026	90	G13	6.85	6.8	0	0	1	0	5.6884232e-06	0.058333958	1.72	8	1	0.0009	-0.0147	1.7211422	N12C20
B3R1	26	0	R350	0	0	90	R01	7.4	7.36	0	0	1	0	0	0	3.54	8	1	0	0	1	N14C0
B3R2	25	23	R350	0	0	90	R02	6.92	6.84	0	0	1	0	0	0	3.36	8	1	0	0	1	N12C23
B3T1	26	2	T350	0	0	90	T01	7.08	7.16	0	0	1	0	0	0	0	8	1	0	0	0	N14C2
B3T2	30	1	T350	0	0	90	T02	7.43	7.37	0	0	1	0	0	0	1.72	8	1	0	0	1	N13C1
B5A01V	31	21	500	215.84376	-481.97971	90	A01	7.02	7.04	0	0	1	0	5.2650918e-06	0.085178256	1.63	7	1	0.0194	0.0029	1.2807549	N15C21
B5A02H	31	23	500	216.22786	-370.06361	0	A02	6.96	6.96	0	0	1	0	4.1309258e-06	0.10017708	1.61	7	1	0.0034	-0.0044	1.167533	N15C23
B5A03V	31	19	500	215.34979	-259.05578	90	A03	6.99	7.04	0	0	1	0	4.2066531e-06	0.069100831	1.51	7	1	0.0049	-0.0064	1.4507971	N15C19
B5A04H	31	20	500	211.83905	-143.38868	0	A04	7	7	0	0	1	0	4.1154748e-06	0.11448771	1.49	7	1	0.0057	-0.0068	0.90694565	N15C20
B5A05V	31	11	500	210.38129	-33.382819	90	A05	7.16	7.04	0	0	1	0	3.8852961e-06	0.079721937	1.34	7	1	0.0074	0.0008	1.2851187	N15C11
B5A06H	31	3	500	205.76762	81.822764	0	A06	7.09	7.04	0	0	1	0	3.881839e-06	0.051824343	1.46	7	1	-0.0017	-0.0105	1.5500515	N15C3
B5A07V	31	2	500	206.35563	195.02431	90	A07	7.11	7.04	0	0	1	0	3.5286408e-06	0.15478889	1.51	7	1	0.0153	0.0108	0.7251397	N15C2
B5A08H	31	1	500	200.10353	309.63787	0	A08	7.12	7.04	0	0	1	0	3.6050905e-06	0.073222654	1.55	7	1	-0.0024	-0.0249	1.271309	N15C1
B5A09V	31	4	500	199.09324	418.86647	90	A09	7.1	7.12	0	0	1	0	3.7584445e-06	0.0900301	1.56	7	1	0.0019	0.0184	1.2067756	N15C4
B5B01V	31	18	500	118.49388	-427.7162	90	B01	7	7.08	0	0	1	0	7.3626712e-06	0.05835007	1.58	7	1	0.0121	-0.0055	1.5425312	N15C18
B5B02H	31	17	500	117.70338	-313.19582	0	B02	7	7.12	0	0	1	0	4.211895e-06	0.084216622	1.52	7	1	0.0025	-0.0061	1.1697858	N15C17
B5B03V	31	15	500	117.49855	-202.13607	90	B03	7	7.04	0	0	1	0	4.2285163e-06	0.079600243	1.46	7	1	0.0041	-0.0026	1.2521855	N15C15
B5B04H	31	13	500	115.26842	-87.228537	0	B04	7.04	7.12	0	0	1	0	4.3997344e-06	0.067256725	1.42	7	1	0.0036	-0.0077	1.3950856	N15C13
B5B05V	31	9	500	110.32333	24.942308	90	B05	7.12	7.08	0	0	1	0	3.7652529e-06	0.084583131	1.4	7	1	0.0058	-0.004	1.1577397	N15C9
B5B06H	31	10	500	106.98126	139.42317	0	B06	7.16	7.07	0	0	1	0	4.1116852e-06	0.084742408	1.43	7	1	0.0007	-0.0117	1.037575	N15C10
B5B07V	31	7	500	104.39607	250.634	90	B07	7.08	7.08	0	0	1	0	3.3124509e-06	0.18924798	1.5	7	1	0.0039	0.0041	0.79136341	N15C7
B5B08H	31	6	500	100.7082	364.33536	0	B08	7.08	7.04	0	0	1	0	3.881892e-06	0.11490242	1.56	7	1	0.0158	-0.0085	0.87662801	N15C6
B5C01V	29	8	500	19.633832	-484.35888	90	C01	7.23	7.24	0	0	1	0	4.7032723e-06	0.068760399	1.56	7	1	0.0097	-0.0117	1.4839129	N16C8
B5C02H	31	16	500	16.702541	-371.98642	0	C02	7	7.07	0	0	1	0	4.168363e-06	0.075063479	1.56	7	1	0.0082	-0.0058	1.4424681	N15C16
B5C03V	29	9	500	17.57575	-261.03463	90	C03	7.2	7.24	0	0	1	0	3.9439104e-06	0.076604083	1.47	7	1	0.0031	-0.007	1.3390818	N16C9
B5C04H	31	14	500	14.013862	-146.053	0	C04	7.03	7.07	0	0	1	0	3.7156273e-06	0.068539335	1.46	7	1	0.0004	-0.0069	1.4536946	N15C14
B5C05V	29	10	500	12.258284	-34.264102	90	C05	7.24	7.24	0	0	1	0	3.4289093e-06	0.07278217	1.39	7	1	0.0038	-0.0024	1.3521989	N16C10
B5C06H	29	13	500	7.040376	83.006127	0	C06	7.2	7.28	0	0	1	0	3.5522844e-06	0.086605504	1.49	7	1	-0.0017	-0.01	1.1208378	N16C13
B5C07V	31	8	500	5.660323	193.559	90	C07	7.08	7.09	0	0	1	0	3.3620677e-06	0.057091187	1.5	7	1	0.0039	0.0001	1.5879063	N15C8
B5C08H	29	14	500	-0.069403776	308.1045	0	C08	7.2	7.24	0	0	1	0	3.5893534e-06	0.089966971	1.59	7	1	0.0066	-0.0044	1.1345561	N16C14
B5C09V	31	5	500	-1.4234498	419.73431	90	C09	7.12	7.04	0	0	1	0	3.2197487e-06	0.045975043	1.62	7	1	-0.0079	-0.0036	2.0228464	N15C5
B5D01V	29	4	500	-82.222965	-432.48921	90	D01	7.25	7.28	0	0	1	0	4.8167599e-06	0.094762025	1.57	7	1	0.0077	-0.0037	1.0640347	N16C4
B5D02H	29	5	B500	0	0	0	D02	7.24	7.28	0	0	1	0	0	0	nan	7	1	0	0	1	N16C5
B5D03V	29	6	500	-83.898167	-206.45786	90	D03	7.27	7.24	0	0	1	0	3.6322162e-06	0.067667094	1.45	7	1	0.0008	-0.0087	1.3366279	N16C6
B5D04H	29	7	500	-85.600215	-88.91996	0	D04	7.24	7.24	0	0	1	0	3.4942362e-06	0.12859337	1.39	7	1	0.0028	-0.0036	0.70702852	N16C7
B5D05V	29	15	500	-87.698432	24.115817	90	D05	7.24	7.24	0	0	1	0	1.0081878e-06	3474.6468	1.48	7	1	0.0063	-0.0031	0.19794337	N16C15
B5D06H	29	16	500	-90.944768	138.37623	0	D06	7.25	7.24	0	0	1	0	3.8482947e-06	0.063926776	1.51	7	1	0.0013	-0.0036	1.4035043	N16C16
B5D07V	29	17	500	-95.483434	248.22201	90	D07	7.24	7.28	0	0	1	0	3.830719e-06	0.047370028	1.56	7	1	0.0034	-0.008	1.6964561	N16C17
B5D08H	29	18	500	-101.55212	362.16416	0	D08	7	7.28	0	0	1	0	4.0548365e-06	0.27666566	1.64	7	1	0.0038	0.0098	0.61018416	N16C18
B5D1	31	22	D500	0	0	90	DK1	6.96	6.98	0	0	1	0	0	0	1.63	7	1	0	0	1	N15C22
B5D2	29	22	D500	0	0	90	DK2	7.2	7.28	0	0	1	0	0	0	nan	7	1	0	0	1	N16C22
B5E01V	29	0	B500	0	0	90	E01	7.25	7.25	0	0	1	0	3.94e-06	0.122266	1.62	7	1	0	0	463	N16C0
B5E02H	29	1	500	-189.41371	-378.37332	0	E02	7.24	7.24	0	0	1	0	5.1226523e-06	0.086443156	1.56	7	1	0.0064	-0.0072	1.174534	N16C1
B5E03V	29	2	500	-189.22824	-266.36375	90	E03	7.22	7.24	0	0	1	0	4.1883347e-06	0.094669377	1.5	7	1	0.0034	-0.0034	1.0113816	N16C2
B5E04H	29	3	500	-192.51741	-149.62912	0	E04	7.24	7.28	0	0	1	0	4.0627774e-06	0.17484248	1.47	7	1	0.0035	-0.0023	0.6304202	N16C3
B5E05V	29	12	500	-191.7787	-36.371718	90	E05	7.25	7.28	0	0	1	0	3.6232626e-06	0.078295127	1.37	7	1	0.0076	-0.0047	1.2360305	N16C12
B5E06H	29	20	500	-194.73956	78.160017	0	E06	7.2	7.27	0	0	1	0	4.1664138e-06	0.090124497	1.54	7	1	0.0028	-0.0027	1.1704354	N16C20
B5E07V	29	19	500	-191.9616	190.87235	90	E07	7.2	7.24	0	0	1	0	4.0323214e-06	0.26439637	1.62	7	1	-0.0007	-0.0088	0.82321272	N16C19
B5E08H	29	21	B500	-1.5756385	0.16912948	0	E08	7.21	7.3	0	0	1	0	2.72e-05	0.317891	1.63	7	1	0	0	501	N16C21
B5E09V	29	23	500	-199.5301	413.78193	90	E09	7.24	7.24	0	0	1	0	4.0329602e-06	0.14643193	1.7	7	1	0.0058	-0.0207	0.73133629	N16C23
B5R1	31	0	R500	0	0	90	R1	7.12	7.04	0	0	1	0	0	0	3.54	7	1	0	0	1	N15C0
B5T1	31	12	T500	0	0	90	T1	7.08	7.08	0	0	1	0	0	0	1.34	7	1	0	0	1	N15C12
B5T2	29	11	T500	0	0	90	T2	7.28	7.28	0	0	1	0	0	0	1.41	7	1	0	0	1	N16C11
X3O1	25	12	NC	0	0	90	N/A	inf	6.88	0	0	1	0	0	0	nan	8	1	0	0	1	N12C12
X3O2	25	22	NC	0	0	90	N/A	inf	6.88	0	0	1	0	0	0	nan	8	1	0	0	1	N12C22																						
